{"age": 4, "playtime_min": 0.26621666666666666, "session_incomplete": 0, "sc_er": 466.6666666666667, "sc_de": 0, "sc_tct": 15.973, "sc_rtv": 3709.26320925808, "wfs_fpr": 0, "wfs_prc": 0, "wfs_rt": 2164, "wfs_gs": 0, "ft_cf": 14, "ft_mmv": 21.6, "ft_eii": 37, "ft_tp": 96}